Sample_Name_Library_ID	Library_ID	Lane	Colour_Chemistry	SeqType	Organism	Strandedness	UDG_Treatment	R1	R2	BAM
EDI001.A_ERR3341118	ERR3341118	0	4	PE	Homo_sapiens	double	full	/ptmp/iclight/pestis_data/ERR3341118_1.fastq.gz	/ptmp/iclight/pestis_data/ERR3341118_2.fastq.gz	NA
RK1001_ERR2112553	ERR2112553	0	4	PE	Homo_sapiens	double	half	/ptmp/iclight/pestis_data/ERR2112553_1.fastq.gz	/ptmp/iclight/pestis_data/ERR2112553_2.fastq.gz	NA
RK1001_ERR2112554	ERR2112554	0	4	PE	Homo_sapiens	double	half	/ptmp/iclight/pestis_data/ERR2112554_1.fastq.gz	/ptmp/iclight/pestis_data/ERR2112554_2.fastq.gz	NA
RK1001_ERR2112555	ERR2112555	0	4	PE	Homo_sapiens	double	half	/ptmp/iclight/pestis_data/ERR2112555_1.fastq.gz	/ptmp/iclight/pestis_data/ERR2112555_2.fastq.gz	NA
RK1001_ERR2112556	ERR2112556	0	4	PE	Homo_sapiens	double	half	/ptmp/iclight/pestis_data/ERR2112556_1.fastq.gz	/ptmp/iclight/pestis_data/ERR2112556_2.fastq.gz	NA
RK1001_ERR2112557	ERR2112557	0	4	PE	Homo_sapiens	double	half	/ptmp/iclight/pestis_data/ERR2112557_1.fastq.gz	/ptmp/iclight/pestis_data/ERR2112557_2.fastq.gz	NA
RK1001_ERR2112558	ERR2112558	0	4	PE	Homo_sapiens	double	half	/ptmp/iclight/pestis_data/ERR2112558_1.fastq.gz	/ptmp/iclight/pestis_data/ERR2112558_2.fastq.gz	NA
RK1001_ERR2112559	ERR2112559	0	4	PE	Homo_sapiens	double	half	/ptmp/iclight/pestis_data/ERR2112559_1.fastq.gz	/ptmp/iclight/pestis_data/ERR2112559_2.fastq.gz	NA
RK1001_ERR2112560	ERR2112560	0	4	PE	Homo_sapiens	double	half	/ptmp/iclight/pestis_data/ERR2112560_1.fastq.gz	/ptmp/iclight/pestis_data/ERR2112560_2.fastq.gz	NA
RK1001_ERR2112561	ERR2112561	0	4	PE	Homo_sapiens	double	half	/ptmp/iclight/pestis_data/ERR2112561_1.fastq.gz	/ptmp/iclight/pestis_data/ERR2112561_2.fastq.gz	NA
RK1001_ERR2112562	ERR2112562	0	4	PE	Homo_sapiens	double	half	/ptmp/iclight/pestis_data/ERR2112562_1.fastq.gz	/ptmp/iclight/pestis_data/ERR2112562_2.fastq.gz	NA
RK1001_ERR2112563	ERR2112563	0	4	PE	Homo_sapiens	double	half	/ptmp/iclight/pestis_data/ERR2112563_1.fastq.gz	/ptmp/iclight/pestis_data/ERR2112563_2.fastq.gz	NA
RK1001_ERR2112564	ERR2112564	0	4	PE	Homo_sapiens	double	half	/ptmp/iclight/pestis_data/ERR2112564_1.fastq.gz	/ptmp/iclight/pestis_data/ERR2112564_2.fastq.gz	NA
RK1001_ERR2112565	ERR2112565	0	4	PE	Homo_sapiens	double	half	/ptmp/iclight/pestis_data/ERR2112565_1.fastq.gz	/ptmp/iclight/pestis_data/ERR2112565_2.fastq.gz	NA
RK1001_ERR2112566	ERR2112566	0	4	PE	Homo_sapiens	double	half	/ptmp/iclight/pestis_data/ERR2112566_1.fastq.gz	/ptmp/iclight/pestis_data/ERR2112566_2.fastq.gz	NA
RK1001_ERR2112567	ERR2112567	0	4	PE	Homo_sapiens	double	half	/ptmp/iclight/pestis_data/ERR2112567_1.fastq.gz	/ptmp/iclight/pestis_data/ERR2112567_2.fastq.gz	NA
RK1001_ERR2112568	ERR2112568	0	4	PE	Homo_sapiens	double	half	/ptmp/iclight/pestis_data/ERR2112568_1.fastq.gz	/ptmp/iclight/pestis_data/ERR2112568_2.fastq.gz	NA
RK1001_ERR2112583	ERR2112583	0	4	SE	Homo_sapiens	double	half	/ptmp/iclight/pestis_data/ERR2112583.fastq.gz	NA	NA
RK1001_ERR2112584	ERR2112584	0	4	SE	Homo_sapiens	double	half	/ptmp/iclight/pestis_data/ERR2112584.fastq.gz	NA	NA
RK1001_ERR2112585	ERR2112585	0	4	SE	Homo_sapiens	double	half	/ptmp/iclight/pestis_data/ERR2112585.fastq.gz	NA	NA
RK1001_ERR2112586	ERR2112586	0	4	SE	Homo_sapiens	double	half	/ptmp/iclight/pestis_data/ERR2112586.fastq.gz	NA	NA
Gyvakarai1_ERR2112544	ERR2112544	0	2	PE	Homo_sapiens	double	none	/ptmp/iclight/pestis_data/ERR2112544_1.fastq.gz	/ptmp/iclight/pestis_data/ERR2112544_2.fastq.gz	NA
Gyvakarai1_ERR2112545	ERR2112545	0	4	PE	Homo_sapiens	double	none	/ptmp/iclight/pestis_data/ERR2112545_1.fastq.gz	/ptmp/iclight/pestis_data/ERR2112545_2.fastq.gz	NA
Gyvakarai1_ERR2112546	ERR2112546	0	4	PE	Homo_sapiens	double	none	/ptmp/iclight/pestis_data/ERR2112546_1.fastq.gz	/ptmp/iclight/pestis_data/ERR2112546_2.fastq.gz	NA
KunilaII_ERR2112547	ERR2112547	0	4	PE	Homo_sapiens	double	none	/ptmp/iclight/pestis_data/ERR2112547_1.fastq.gz	/ptmp/iclight/pestis_data/ERR2112547_2.fastq.gz	NA
KunilaII_ERR2112548	ERR2112548	0	4	PE	Homo_sapiens	double	full	/ptmp/iclight/pestis_data/ERR2112548_1.fastq.gz	/ptmp/iclight/pestis_data/ERR2112548_2.fastq.gz	NA
1343UnTal85_ERR2112574	ERR2112574	0	4	SE	Homo_sapiens	double	half	/ptmp/iclight/pestis_data/ERR2112574.fastq.gz	NA	NA
1343UnTal85_ERR2112575	ERR2112575	0	4	SE	Homo_sapiens	double	half	/ptmp/iclight/pestis_data/ERR2112575.fastq.gz	NA	NA
1343UnTal85_ERR2112576	ERR2112576	0	4	SE	Homo_sapiens	double	half	/ptmp/iclight/pestis_data/ERR2112576.fastq.gz	NA	NA
1343UnTal85_ERR2112577	ERR2112577	0	4	SE	Homo_sapiens	double	half	/ptmp/iclight/pestis_data/ERR2112577.fastq.gz	NA	NA
1343UnTal85_ERR2112578	ERR2112578	0	4	SE	Homo_sapiens	double	half	/ptmp/iclight/pestis_data/ERR2112578.fastq.gz	NA	NA
6Post_ERR2112549	ERR2112549	0	2	PE	Homo_sapiens	double	half	/ptmp/iclight/pestis_data/ERR2112549_1.fastq.gz	/ptmp/iclight/pestis_data/ERR2112549_2.fastq.gz	NA
6Post_ERR2112550	ERR2112550	0	2	PE	Homo_sapiens	double	half	/ptmp/iclight/pestis_data/ERR2112550_1.fastq.gz	/ptmp/iclight/pestis_data/ERR2112550_2.fastq.gz	NA
6Post_ERR2112551	ERR2112551	0	2	PE	Homo_sapiens	double	half	/ptmp/iclight/pestis_data/ERR2112551_1.fastq.gz	/ptmp/iclight/pestis_data/ERR2112551_2.fastq.gz	NA
6Post_ERR2112552	ERR2112552	0	2	PE	Homo_sapiens	double	half	/ptmp/iclight/pestis_data/ERR2112552_1.fastq.gz	/ptmp/iclight/pestis_data/ERR2112552_2.fastq.gz	NA
6Post_ERR2112569	ERR2112569	0	4	SE	Homo_sapiens	double	half	/ptmp/iclight/pestis_data/ERR2112569.fastq.gz	NA	NA
6Post_ERR2112570	ERR2112570	0	4	SE	Homo_sapiens	double	half	/ptmp/iclight/pestis_data/ERR2112570.fastq.gz	NA	NA
6Post_ERR2112571	ERR2112571	0	4	SE	Homo_sapiens	double	half	/ptmp/iclight/pestis_data/ERR2112571.fastq.gz	NA	NA
6Post_ERR2112572	ERR2112572	0	4	SE	Homo_sapiens	double	half	/ptmp/iclight/pestis_data/ERR2112572.fastq.gz	NA	NA
6Post_ERR2112573	ERR2112573	0	4	SE	Homo_sapiens	double	half	/ptmp/iclight/pestis_data/ERR2112573.fastq.gz	NA	NA
RV2039_ERR6196168	ERR6196168	0	4	PE	Homo_sapiens	double	half	/ptmp/iclight/pestis_data/ERR6196168_1.fastq.gz	/ptmp/iclight/pestis_data/ERR6196168_2.fastq.gz	NA
RV2039_ERR6209525	ERR6209525	0	4	PE	Homo_sapiens	double	half	/ptmp/iclight/pestis_data/ERR6209525_1.fastq.gz	/ptmp/iclight/pestis_data/ERR6209525_2.fastq.gz	NA
RV2039_ERR6367013	ERR6367013	0	4	PE	Homo_sapiens	double	half	/ptmp/iclight/pestis_data/ERR6367013_1.fastq.gz	/ptmp/iclight/pestis_data/ERR6367013_2.fastq.gz	NA
RV2039_ERR6379063	ERR6379063	0	4	PE	Homo_sapiens	double	half	/ptmp/iclight/pestis_data/ERR6379063_1.fastq.gz	/ptmp/iclight/pestis_data/ERR6379063_2.fastq.gz	NA
RV2039_ERR6394580	ERR6394580	0	4	PE	Homo_sapiens	double	half	/ptmp/iclight/pestis_data/ERR6394580_1.fastq.gz	/ptmp/iclight/pestis_data/ERR6394580_2.fastq.gz	NA
RV2039_ERR6412219	ERR6412219	0	4	SE	Homo_sapiens	double	half	/ptmp/iclight/pestis_data/ERR6412219.fastq.gz	NA	NA
RV2039_ERR6447533	ERR6447533	0	4	SE	Homo_sapiens	double	half	/ptmp/iclight/pestis_data/ERR6447533.fastq.gz	NA	NA
RV2039_ERR6449173	ERR6449173	0	4	PE	Homo_sapiens	double	half	/ptmp/iclight/pestis_data/ERR6449173_1.fastq.gz	/ptmp/iclight/pestis_data/ERR6449173_2.fastq.gz	NA
GLZ001_ERR4093959	ERR4093959	0	4	PE	Homo_sapiens	double	half	/ptmp/iclight/pestis_data/ERR4093959_1.fastq.gz	/ptmp/iclight/pestis_data/ERR4093959_2.fastq.gz	NA
GLZ001_ERR4093960	ERR4093960	0	4	PE	Homo_sapiens	double	full	/ptmp/iclight/pestis_data/ERR4093960_1.fastq.gz	/ptmp/iclight/pestis_data/ERR4093960_2.fastq.gz	NA
GLZ002_ERR4093961	ERR4093961	0	4	PE	Homo_sapiens	double	half	/ptmp/iclight/pestis_data/ERR4093961_1.fastq.gz	/ptmp/iclight/pestis_data/ERR4093961_2.fastq.gz	NA
GLZ002_ERR4093962	ERR4093962	0	4	PE	Homo_sapiens	double	full	/ptmp/iclight/pestis_data/ERR4093962_1.fastq.gz	/ptmp/iclight/pestis_data/ERR4093962_2.fastq.gz	NA
RT5_ERR2261878	ERR2261878	0	4	SE	Homo_sapiens	double	half	/ptmp/iclight/pestis_data/ERR2261878.fastq.gz	NA	NA
RT5_ERR2261879	ERR2261879	0	4	SE	Homo_sapiens	double	half	/ptmp/iclight/pestis_data/ERR2261879.fastq.gz	NA	NA
RT5_ERR2261880	ERR2261880	0	4	SE	Homo_sapiens	double	half	/ptmp/iclight/pestis_data/ERR2261880.fastq.gz	NA	NA
RT5_ERR2261881	ERR2261881	0	4	SE	Homo_sapiens	double	half	/ptmp/iclight/pestis_data/ERR2261881.fastq.gz	NA	NA
RT5_ERR2261888	ERR2261888	0	4	PE	Homo_sapiens	double	half	/ptmp/iclight/pestis_data/ERR2261888_1.fastq.gz	/ptmp/iclight/pestis_data/ERR2261888_2.fastq.gz	NA
RT6_ERR2261882	ERR2261882	0	4	SE	Homo_sapiens	double	half	/ptmp/iclight/pestis_data/ERR2261882.fastq.gz	NA	NA
RT6_ERR2261883	ERR2261883	0	4	SE	Homo_sapiens	double	half	/ptmp/iclight/pestis_data/ERR2261883.fastq.gz	NA	NA
RT6_ERR2261884	ERR2261884	0	4	SE	Homo_sapiens	double	half	/ptmp/iclight/pestis_data/ERR2261884.fastq.gz	NA	NA
RT6_ERR2261885	ERR2261885	0	4	SE	Homo_sapiens	double	half	/ptmp/iclight/pestis_data/ERR2261885.fastq.gz	NA	NA
RT6_ERR2261886	ERR2261886	0	4	SE	Homo_sapiens	double	half	/ptmp/iclight/pestis_data/ERR2261886.fastq.gz	NA	NA
RT6_ERR2261887	ERR2261887	0	4	SE	Homo_sapiens	double	half	/ptmp/iclight/pestis_data/ERR2261887.fastq.gz	NA	NA
RISE505_ERR1018947	ERR1018947	0	4	SE	Homo_sapiens	double	none	/ptmp/iclight/pestis_data/ERR1018947.fastq.gz	NA	NA
RISE505_ERR1018948	ERR1018948	0	4	SE	Homo_sapiens	double	none	/ptmp/iclight/pestis_data/ERR1018948.fastq.gz	NA	NA
RISE505_ERR1018949	ERR1018949	0	4	SE	Homo_sapiens	double	none	/ptmp/iclight/pestis_data/ERR1018949.fastq.gz	NA	NA
RISE505_ERR1018950	ERR1018950	0	4	SE	Homo_sapiens	double	none	/ptmp/iclight/pestis_data/ERR1018950.fastq.gz	NA	NA
RISE505_ERR1018951	ERR1018951	0	4	SE	Homo_sapiens	double	none	/ptmp/iclight/pestis_data/ERR1018951.fastq.gz	NA	NA
RISE505_ERR1018952	ERR1018952	0	4	SE	Homo_sapiens	double	none	/ptmp/iclight/pestis_data/ERR1018952.fastq.gz	NA	NA
RISE505_ERR1018953	ERR1018953	0	4	SE	Homo_sapiens	double	none	/ptmp/iclight/pestis_data/ERR1018953.fastq.gz	NA	NA
RISE505_ERR1018954	ERR1018954	0	4	SE	Homo_sapiens	double	none	/ptmp/iclight/pestis_data/ERR1018954.fastq.gz	NA	NA
RISE505_ERR1018955	ERR1018955	0	4	SE	Homo_sapiens	double	none	/ptmp/iclight/pestis_data/ERR1018955.fastq.gz	NA	NA
RISE505_ERR1018956	ERR1018956	0	4	SE	Homo_sapiens	double	none	/ptmp/iclight/pestis_data/ERR1018956.fastq.gz	NA	NA
RISE505_ERR1018957	ERR1018957	0	4	SE	Homo_sapiens	double	none	/ptmp/iclight/pestis_data/ERR1018957.fastq.gz	NA	NA
RISE505_ERR1018958	ERR1018958	0	4	SE	Homo_sapiens	double	none	/ptmp/iclight/pestis_data/ERR1018958.fastq.gz	NA	NA
RISE505_ERR1018959	ERR1018959	0	4	SE	Homo_sapiens	double	none	/ptmp/iclight/pestis_data/ERR1018959.fastq.gz	NA	NA
RISE505_ERR1018960	ERR1018960	0	4	SE	Homo_sapiens	double	none	/ptmp/iclight/pestis_data/ERR1018960.fastq.gz	NA	NA
RISE505_ERR1018961	ERR1018961	0	4	SE	Homo_sapiens	double	none	/ptmp/iclight/pestis_data/ERR1018961.fastq.gz	NA	NA
RISE505_ERR1018962	ERR1018962	0	4	SE	Homo_sapiens	double	none	/ptmp/iclight/pestis_data/ERR1018962.fastq.gz	NA	NA
RISE505_ERR1018963	ERR1018963	0	4	SE	Homo_sapiens	double	none	/ptmp/iclight/pestis_data/ERR1018963.fastq.gz	NA	NA
RISE505_ERR1018964	ERR1018964	0	4	SE	Homo_sapiens	double	none	/ptmp/iclight/pestis_data/ERR1018964.fastq.gz	NA	NA
RISE505_ERR1018965	ERR1018965	0	4	SE	Homo_sapiens	double	none	/ptmp/iclight/pestis_data/ERR1018965.fastq.gz	NA	NA
RISE509_ERR1018966	ERR1018966	0	4	SE	Homo_sapiens	double	none	/ptmp/iclight/pestis_data/ERR1018966.fastq.gz	NA	NA
RISE509_ERR1018967	ERR1018967	0	4	SE	Homo_sapiens	double	none	/ptmp/iclight/pestis_data/ERR1018967.fastq.gz	NA	NA
RISE509_ERR1018968	ERR1018968	0	4	SE	Homo_sapiens	double	none	/ptmp/iclight/pestis_data/ERR1018968.fastq.gz	NA	NA
RISE509_ERR1018969	ERR1018969	0	4	SE	Homo_sapiens	double	none	/ptmp/iclight/pestis_data/ERR1018969.fastq.gz	NA	NA
RISE509_ERR1018970	ERR1018970	0	4	SE	Homo_sapiens	double	none	/ptmp/iclight/pestis_data/ERR1018970.fastq.gz	NA	NA
RISE509_ERR1018971	ERR1018971	0	4	SE	Homo_sapiens	double	none	/ptmp/iclight/pestis_data/ERR1018971.fastq.gz	NA	NA
RISE509_ERR1018972	ERR1018972	0	4	SE	Homo_sapiens	double	none	/ptmp/iclight/pestis_data/ERR1018972.fastq.gz	NA	NA
RISE509_ERR1018973	ERR1018973	0	4	SE	Homo_sapiens	double	none	/ptmp/iclight/pestis_data/ERR1018973.fastq.gz	NA	NA
RISE509_ERR1018974	ERR1018974	0	4	SE	Homo_sapiens	double	none	/ptmp/iclight/pestis_data/ERR1018974.fastq.gz	NA	NA
RISE509_ERR1018975	ERR1018975	0	4	SE	Homo_sapiens	double	none	/ptmp/iclight/pestis_data/ERR1018975.fastq.gz	NA	NA
RISE509_ERR1018976	ERR1018976	0	4	SE	Homo_sapiens	double	none	/ptmp/iclight/pestis_data/ERR1018976.fastq.gz	NA	NA
RISE509_ERR1018977	ERR1018977	0	4	SE	Homo_sapiens	double	none	/ptmp/iclight/pestis_data/ERR1018977.fastq.gz	NA	NA
RISE509_ERR1018978	ERR1018978	0	4	SE	Homo_sapiens	double	none	/ptmp/iclight/pestis_data/ERR1018978.fastq.gz	NA	NA
RISE509_ERR1018979	ERR1018979	0	4	SE	Homo_sapiens	double	none	/ptmp/iclight/pestis_data/ERR1018979.fastq.gz	NA	NA
RISE509_ERR1018980	ERR1018980	0	4	SE	Homo_sapiens	double	none	/ptmp/iclight/pestis_data/ERR1018980.fastq.gz	NA	NA
RISE509_ERR1018981	ERR1018981	0	4	SE	Homo_sapiens	double	none	/ptmp/iclight/pestis_data/ERR1018981.fastq.gz	NA	NA
RISE509_ERR1018982	ERR1018982	0	4	SE	Homo_sapiens	double	none	/ptmp/iclight/pestis_data/ERR1018982.fastq.gz	NA	NA
RISE509_ERR1018983	ERR1018983	0	4	SE	Homo_sapiens	double	none	/ptmp/iclight/pestis_data/ERR1018983.fastq.gz	NA	NA
RISE509_ERR1018984	ERR1018984	0	4	SE	Homo_sapiens	double	none	/ptmp/iclight/pestis_data/ERR1018984.fastq.gz	NA	NA
Gok2_ERR476784	ERR476784	0	4	PE	Homo_sapiens	double	none	/ptmp/iclight/pestis_data/ERR476784_1.fastq.gz	/ptmp/iclight/pestis_data/ERR476784_2.fastq.gz	NA
Gok2_ERR476785	ERR476785	0	4	PE	Homo_sapiens	double	none	/ptmp/iclight/pestis_data/ERR476785_1.fastq.gz	/ptmp/iclight/pestis_data/ERR476785_2.fastq.gz	NA
Gok2_ERR476786	ERR476786	0	4	PE	Homo_sapiens	double	none	/ptmp/iclight/pestis_data/ERR476786_1.fastq.gz	/ptmp/iclight/pestis_data/ERR476786_2.fastq.gz	NA
Gok2_ERR476787	ERR476787	0	4	PE	Homo_sapiens	double	none	/ptmp/iclight/pestis_data/ERR476787_1.fastq.gz	/ptmp/iclight/pestis_data/ERR476787_2.fastq.gz	NA
Gok2_ERR476788	ERR476788	0	4	PE	Homo_sapiens	double	none	/ptmp/iclight/pestis_data/ERR476788_1.fastq.gz	/ptmp/iclight/pestis_data/ERR476788_2.fastq.gz	NA
Gok2_ERR476799	ERR476799	0	4	SE	Homo_sapiens	double	none	/ptmp/iclight/pestis_data/ERR476799.fastq.gz	NA	NA
Gok2_ERR476807	ERR476807	0	4	PE	Homo_sapiens	double	none	/ptmp/iclight/pestis_data/ERR476807_1.fastq.gz	/ptmp/iclight/pestis_data/ERR476807_2.fastq.gz	NA
Gok2_ERR476808	ERR476808	0	4	PE	Homo_sapiens	double	none	/ptmp/iclight/pestis_data/ERR476808_1.fastq.gz	/ptmp/iclight/pestis_data/ERR476808_2.fastq.gz	NA
ARS007_ERR8958741	ERR8958741	0	4	PE	Homo_sapiens	double	half	/ptmp/iclight/pestis_data/ERR8958741_1.fastq.gz	/ptmp/iclight/pestis_data/ERR8958741_2.fastq.gz	NA
ARS007_ERR8958742	ERR8958742	0	4	PE	Homo_sapiens	double	half	/ptmp/iclight/pestis_data/ERR8958742_1.fastq.gz	/ptmp/iclight/pestis_data/ERR8958742_2.fastq.gz	NA
ARS007_ERR8958743	ERR8958743	0	4	PE	Homo_sapiens	double	half	/ptmp/iclight/pestis_data/ERR8958743_1.fastq.gz	/ptmp/iclight/pestis_data/ERR8958743_2.fastq.gz	NA
ARS007_ERR8958744	ERR8958744	0	4	PE	Homo_sapiens	single	none	/ptmp/iclight/pestis_data/ERR8958744_1.fastq.gz	/ptmp/iclight/pestis_data/ERR8958744_2.fastq.gz	NA
ARS007_ERR8958745	ERR8958745	0	4	PE	Homo_sapiens	single	none	/ptmp/iclight/pestis_data/ERR8958745_1.fastq.gz	/ptmp/iclight/pestis_data/ERR8958745_2.fastq.gz	NA
CHC004_ERR8958746	ERR8958746	0	4	PE	Homo_sapiens	double	half	/ptmp/iclight/pestis_data/ERR8958746_1.fastq.gz	/ptmp/iclight/pestis_data/ERR8958746_2.fastq.gz	NA
CHC004_ERR8958747	ERR8958747	0	4	PE	Homo_sapiens	double	half	/ptmp/iclight/pestis_data/ERR8958747_1.fastq.gz	/ptmp/iclight/pestis_data/ERR8958747_2.fastq.gz	NA
CHC004_ERR8958748	ERR8958748	0	4	PE	Homo_sapiens	double	half	/ptmp/iclight/pestis_data/ERR8958748_1.fastq.gz	/ptmp/iclight/pestis_data/ERR8958748_2.fastq.gz	NA
GRS004_ERR8958749	ERR8958749	0	4	PE	Homo_sapiens	double	half	/ptmp/iclight/pestis_data/ERR8958749_1.fastq.gz	/ptmp/iclight/pestis_data/ERR8958749_2.fastq.gz	NA
HOP001_ERR8958750	ERR8958750	0	4	PE	Homo_sapiens	double	half	/ptmp/iclight/pestis_data/ERR8958750_1.fastq.gz	/ptmp/iclight/pestis_data/ERR8958750_2.fastq.gz	NA
HOP001_ERR8958751	ERR8958751	0	2	PE	Homo_sapiens	double	half	/ptmp/iclight/pestis_data/ERR8958751_1.fastq.gz	/ptmp/iclight/pestis_data/ERR8958751_2.fastq.gz	NA
HOP001_ERR8958752	ERR8958752	0	2	PE	Homo_sapiens	double	half	/ptmp/iclight/pestis_data/ERR8958752_1.fastq.gz	/ptmp/iclight/pestis_data/ERR8958752_2.fastq.gz	NA
HOP001_ERR8958753	ERR8958753	0	2	PE	Homo_sapiens	double	half	/ptmp/iclight/pestis_data/ERR8958753_1.fastq.gz	/ptmp/iclight/pestis_data/ERR8958753_2.fastq.gz	NA
HOP001_ERR8958754	ERR8958754	0	2	PE	Homo_sapiens	double	half	/ptmp/iclight/pestis_data/ERR8958754_1.fastq.gz	/ptmp/iclight/pestis_data/ERR8958754_2.fastq.gz	NA
HOP004_ERR8958755	ERR8958755	0	4	PE	Homo_sapiens	double	half	/ptmp/iclight/pestis_data/ERR8958755_1.fastq.gz	/ptmp/iclight/pestis_data/ERR8958755_2.fastq.gz	NA
HOP004_ERR8958756	ERR8958756	0	4	PE	Homo_sapiens	double	half	/ptmp/iclight/pestis_data/ERR8958756_1.fastq.gz	/ptmp/iclight/pestis_data/ERR8958756_2.fastq.gz	NA
HOP004_ERR8958757	ERR8958757	0	2	PE	Homo_sapiens	double	half	/ptmp/iclight/pestis_data/ERR8958757_1.fastq.gz	/ptmp/iclight/pestis_data/ERR8958757_2.fastq.gz	NA
HOP004_ERR8958758	ERR8958758	0	2	PE	Homo_sapiens	double	half	/ptmp/iclight/pestis_data/ERR8958758_1.fastq.gz	/ptmp/iclight/pestis_data/ERR8958758_2.fastq.gz	NA
HOP004_ERR8958759	ERR8958759	0	2	PE	Homo_sapiens	double	half	/ptmp/iclight/pestis_data/ERR8958759_1.fastq.gz	/ptmp/iclight/pestis_data/ERR8958759_2.fastq.gz	NA
HOP004_ERR8958760	ERR8958760	0	2	PE	Homo_sapiens	double	half	/ptmp/iclight/pestis_data/ERR8958760_1.fastq.gz	/ptmp/iclight/pestis_data/ERR8958760_2.fastq.gz	NA
KLZ001_ERR8958761	ERR8958761	0	4	PE	Homo_sapiens	double	half	/ptmp/iclight/pestis_data/ERR8958761_1.fastq.gz	/ptmp/iclight/pestis_data/ERR8958761_2.fastq.gz	NA
KLZ001_ERR8958762	ERR8958762	0	4	PE	Homo_sapiens	single	none	/ptmp/iclight/pestis_data/ERR8958762_1.fastq.gz	/ptmp/iclight/pestis_data/ERR8958762_2.fastq.gz	NA
KLZ001_ERR8958763	ERR8958763	0	4	PE	Homo_sapiens	double	half	/ptmp/iclight/pestis_data/ERR8958763_1.fastq.gz	/ptmp/iclight/pestis_data/ERR8958763_2.fastq.gz	NA
KLZ001_ERR8958802	ERR8958802	0	4	SE	Homo_sapiens	double	half	/ptmp/iclight/pestis_data/ERR8958802.fastq.gz	NA	NA
KNK001_ERR8958764	ERR8958764	0	4	PE	Homo_sapiens	double	half	/ptmp/iclight/pestis_data/ERR8958764_1.fastq.gz	/ptmp/iclight/pestis_data/ERR8958764_2.fastq.gz	NA
KNK001_ERR8958765	ERR8958765	0	4	PE	Homo_sapiens	double	half	/ptmp/iclight/pestis_data/ERR8958765_1.fastq.gz	/ptmp/iclight/pestis_data/ERR8958765_2.fastq.gz	NA
KNK001_ERR8958766	ERR8958766	0	4	PE	Homo_sapiens	single	none	/ptmp/iclight/pestis_data/ERR8958766_1.fastq.gz	/ptmp/iclight/pestis_data/ERR8958766_2.fastq.gz	NA
KNK001_ERR8958767	ERR8958767	0	4	PE	Homo_sapiens	double	half	/ptmp/iclight/pestis_data/ERR8958767_1.fastq.gz	/ptmp/iclight/pestis_data/ERR8958767_2.fastq.gz	NA
KZL002_ERR8958768	ERR8958768	0	4	PE	Homo_sapiens	double	half	/ptmp/iclight/pestis_data/ERR8958768_1.fastq.gz	/ptmp/iclight/pestis_data/ERR8958768_2.fastq.gz	NA
KZL002_ERR8958769	ERR8958769	0	4	PE	Homo_sapiens	double	half	/ptmp/iclight/pestis_data/ERR8958769_1.fastq.gz	/ptmp/iclight/pestis_data/ERR8958769_2.fastq.gz	NA
MIB054_ERR8958770	ERR8958770	0	4	PE	Homo_sapiens	double	half	/ptmp/iclight/pestis_data/ERR8958770_1.fastq.gz	/ptmp/iclight/pestis_data/ERR8958770_2.fastq.gz	NA
MIB054_ERR8958771	ERR8958771	0	4	PE	Homo_sapiens	double	half	/ptmp/iclight/pestis_data/ERR8958771_1.fastq.gz	/ptmp/iclight/pestis_data/ERR8958771_2.fastq.gz	NA
MIB054_ERR8958788	ERR8958788	0	2	PE	Homo_sapiens	double	half	/ptmp/iclight/pestis_data/ERR8958788_1.fastq.gz	/ptmp/iclight/pestis_data/ERR8958788_2.fastq.gz	NA
MIB054_ERR8958789	ERR8958789	0	2	PE	Homo_sapiens	double	half	/ptmp/iclight/pestis_data/ERR8958789_1.fastq.gz	/ptmp/iclight/pestis_data/ERR8958789_2.fastq.gz	NA
MIB054_ERR8958790	ERR8958790	0	2	PE	Homo_sapiens	double	half	/ptmp/iclight/pestis_data/ERR8958790_1.fastq.gz	/ptmp/iclight/pestis_data/ERR8958790_2.fastq.gz	NA
MIB054_ERR8958791	ERR8958791	0	2	PE	Homo_sapiens	double	half	/ptmp/iclight/pestis_data/ERR8958791_1.fastq.gz	/ptmp/iclight/pestis_data/ERR8958791_2.fastq.gz	NA
MIB054_ERR8958772	ERR8958772	0	4	PE	Homo_sapiens	double	half	/ptmp/iclight/pestis_data/ERR8958772_1.fastq.gz	/ptmp/iclight/pestis_data/ERR8958772_2.fastq.gz	NA
MIB054_ERR8958792	ERR8958792	0	2	PE	Homo_sapiens	double	half	/ptmp/iclight/pestis_data/ERR8958792_1.fastq.gz	/ptmp/iclight/pestis_data/ERR8958792_2.fastq.gz	NA
MIB054_ERR8958793	ERR8958793	0	2	PE	Homo_sapiens	double	half	/ptmp/iclight/pestis_data/ERR8958793_1.fastq.gz	/ptmp/iclight/pestis_data/ERR8958793_2.fastq.gz	NA
MIB054_ERR8958794	ERR8958794	0	2	PE	Homo_sapiens	double	half	/ptmp/iclight/pestis_data/ERR8958794_1.fastq.gz	/ptmp/iclight/pestis_data/ERR8958794_2.fastq.gz	NA
MIB054_ERR8958795	ERR8958795	0	2	PE	Homo_sapiens	double	half	/ptmp/iclight/pestis_data/ERR8958795_1.fastq.gz	/ptmp/iclight/pestis_data/ERR8958795_2.fastq.gz	NA
I2470_ERR8958773	ERR8958773	0	4	PE	Homo_sapiens	double	half	/ptmp/iclight/pestis_data/ERR8958773_1.fastq.gz	/ptmp/iclight/pestis_data/ERR8958773_2.fastq.gz	NA
I2470_ERR8958774	ERR8958774	0	4	PE	Homo_sapiens	double	half	/ptmp/iclight/pestis_data/ERR8958774_1.fastq.gz	/ptmp/iclight/pestis_data/ERR8958774_2.fastq.gz	NA
I2470_ERR8958775	ERR8958775	0	4	PE	Homo_sapiens	double	half	/ptmp/iclight/pestis_data/ERR8958775_1.fastq.gz	/ptmp/iclight/pestis_data/ERR8958775_2.fastq.gz	NA
I2470_ERR8958776	ERR8958776	0	4	PE	Homo_sapiens	double	half	/ptmp/iclight/pestis_data/ERR8958776_1.fastq.gz	/ptmp/iclight/pestis_data/ERR8958776_2.fastq.gz	NA
I2470_ERR8958777	ERR8958777	0	4	PE	Homo_sapiens	double	half	/ptmp/iclight/pestis_data/ERR8958777_1.fastq.gz	/ptmp/iclight/pestis_data/ERR8958777_2.fastq.gz	NA
I2470_ERR8958778	ERR8958778	0	4	PE	Homo_sapiens	double	half	/ptmp/iclight/pestis_data/ERR8958778_1.fastq.gz	/ptmp/iclight/pestis_data/ERR8958778_2.fastq.gz	NA
I5884_ERR8958779	ERR8958779	0	4	PE	Homo_sapiens	double	half	/ptmp/iclight/pestis_data/ERR8958779_1.fastq.gz	/ptmp/iclight/pestis_data/ERR8958779_2.fastq.gz	NA
I5884_ERR8958780	ERR8958780	0	4	PE	Homo_sapiens	double	half	/ptmp/iclight/pestis_data/ERR8958780_1.fastq.gz	/ptmp/iclight/pestis_data/ERR8958780_2.fastq.gz	NA
I5884_ERR8958781	ERR8958781	0	4	PE	Homo_sapiens	double	half	/ptmp/iclight/pestis_data/ERR8958781_1.fastq.gz	/ptmp/iclight/pestis_data/ERR8958781_2.fastq.gz	NA
I5884_ERR8958782	ERR8958782	0	4	PE	Homo_sapiens	double	half	/ptmp/iclight/pestis_data/ERR8958782_1.fastq.gz	/ptmp/iclight/pestis_data/ERR8958782_2.fastq.gz	NA
I5884_ERR8958783	ERR8958783	0	4	PE	Homo_sapiens	double	half	/ptmp/iclight/pestis_data/ERR8958783_1.fastq.gz	/ptmp/iclight/pestis_data/ERR8958783_2.fastq.gz	NA
I5884_ERR8958784	ERR8958784	0	4	PE	Homo_sapiens	double	half	/ptmp/iclight/pestis_data/ERR8958784_1.fastq.gz	/ptmp/iclight/pestis_data/ERR8958784_2.fastq.gz	NA
I5884_ERR8958785	ERR8958785	0	4	PE	Homo_sapiens	double	half	/ptmp/iclight/pestis_data/ERR8958785_1.fastq.gz	/ptmp/iclight/pestis_data/ERR8958785_2.fastq.gz	NA
I5884_ERR8958786	ERR8958786	0	4	PE	Homo_sapiens	double	half	/ptmp/iclight/pestis_data/ERR8958786_1.fastq.gz	/ptmp/iclight/pestis_data/ERR8958786_2.fastq.gz	NA
I5884_ERR8958787	ERR8958787	0	4	PE	Homo_sapiens	double	half	/ptmp/iclight/pestis_data/ERR8958787_1.fastq.gz	/ptmp/iclight/pestis_data/ERR8958787_2.fastq.gz	NA
VLI092_ERR8958796	ERR8958796	0	2	PE	Homo_sapiens	double	half	/ptmp/iclight/pestis_data/ERR8958796_1.fastq.gz	/ptmp/iclight/pestis_data/ERR8958796_2.fastq.gz	NA
VLI092_ERR8958797	ERR8958797	0	2	PE	Homo_sapiens	double	half	/ptmp/iclight/pestis_data/ERR8958797_1.fastq.gz	/ptmp/iclight/pestis_data/ERR8958797_2.fastq.gz	NA
VLI092_ERR8958798	ERR8958798	0	2	PE	Homo_sapiens	double	half	/ptmp/iclight/pestis_data/ERR8958798_1.fastq.gz	/ptmp/iclight/pestis_data/ERR8958798_2.fastq.gz	NA
VLI092_ERR8958799	ERR8958799	0	2	PE	Homo_sapiens	double	half	/ptmp/iclight/pestis_data/ERR8958799_1.fastq.gz	/ptmp/iclight/pestis_data/ERR8958799_2.fastq.gz	NA
KLE031_ERR8958800	ERR8958800	0	2	SE	Homo_sapiens	double	half	/ptmp/iclight/pestis_data/ERR8958800.fastq.gz	NA	NA
KLE048_ERR8958801	ERR8958801	0	2	SE	Homo_sapiens	double	half	/ptmp/iclight/pestis_data/ERR8958801.fastq.gz	NA	NA
OOH003_ERR8958803	ERR8958803	0	2	SE	Homo_sapiens	double	half	/ptmp/iclight/pestis_data/ERR8958803.fastq.gz	NA	NA
OOH003_ERR8958804	ERR8958804	0	4	SE	Homo_sapiens	single	none	/ptmp/iclight/pestis_data/ERR8958804.fastq.gz	NA	NA
GRH001_ERR8958805	ERR8958805	0	4	SE	Homo_sapiens	single	none	/ptmp/iclight/pestis_data/ERR8958805.fastq.gz	NA	NA
VEL003_ERR8958806	ERR8958806	0	4	SE	Homo_sapiens	single	none	/ptmp/iclight/pestis_data/ERR8958806.fastq.gz	NA	NA
HGC009_ERR9669404	ERR9669404	0	4	PE	Homo_sapiens	double	half	/ptmp/iclight/pestis_data/ERR9669404_1.fastq.gz	/ptmp/iclight/pestis_data/ERR9669404_2.fastq.gz	NA
HGC009_ERR9669405	ERR9669405	0	2	PE	Homo_sapiens	double	half	/ptmp/iclight/pestis_data/ERR9669405_1.fastq.gz	/ptmp/iclight/pestis_data/ERR9669405_2.fastq.gz	NA
HGC009_ERR9669406	ERR9669406	0	4	PE	Homo_sapiens	single	none	/ptmp/iclight/pestis_data/ERR9669406_1.fastq.gz	/ptmp/iclight/pestis_data/ERR9669406_2.fastq.gz	NA
HGC009_ERR9669407	ERR9669407	0	4	PE	Homo_sapiens	double	half	/ptmp/iclight/pestis_data/ERR9669407_1.fastq.gz	/ptmp/iclight/pestis_data/ERR9669407_2.fastq.gz	NA
HGC009_ERR9669408	ERR9669408	0	2	PE	Homo_sapiens	double	half	/ptmp/iclight/pestis_data/ERR9669408_1.fastq.gz	/ptmp/iclight/pestis_data/ERR9669408_2.fastq.gz	NA
HGC009_ERR9669409	ERR9669409	0	4	PE	Homo_sapiens	single	none	/ptmp/iclight/pestis_data/ERR9669409_1.fastq.gz	/ptmp/iclight/pestis_data/ERR9669409_2.fastq.gz	NA
HGC068_ERR9669415	ERR9669415	0	4	SE	Homo_sapiens	single	none	/ptmp/iclight/pestis_data/ERR9669415.fastq.gz	NA	NA
ES_11972_SRR341962	SRR341962	0	4	SE	Homo_sapiens	double	full	/ptmp/iclight/pestis_data/SRR341962.fastq.gz	NA	NA
ES_8291_SRR341961	SRR341961	0	4	SE	Homo_sapiens	double	full	/ptmp/iclight/pestis_data/SRR341961.fastq.gz	NA	NA
Ellwangen_549_O_ERR3457591	ERR3457591	0	4	SE	Homo_sapiens	double	full	/ptmp/iclight/pestis_data/ERR3457591.fastq.gz	NA	NA
Ellwangen_549_O_ERR3457862	ERR3457862	0	4	PE	Homo_sapiens	double	full	/ptmp/iclight/pestis_data/ERR3457862_1.fastq.gz	/ptmp/iclight/pestis_data/ERR3457862_2.fastq.gz	NA
BED030.A0102_ERR3457583	ERR3457583	0	2	SE	Homo_sapiens	double	full	/ptmp/iclight/pestis_data/ERR3457583.fastq.gz	NA	NA
BED030.A0102_ERR3457584	ERR3457584	0	2	SE	Homo_sapiens	double	full	/ptmp/iclight/pestis_data/ERR3457584.fastq.gz	NA	NA
BED030.A0102_ERR3457585	ERR3457585	0	2	SE	Homo_sapiens	double	full	/ptmp/iclight/pestis_data/ERR3457585.fastq.gz	NA	NA
BED030.A0102_ERR3457586	ERR3457586	0	2	SE	Homo_sapiens	double	full	/ptmp/iclight/pestis_data/ERR3457586.fastq.gz	NA	NA
BED030.A0102_ERR3457857	ERR3457857	0	4	PE	Homo_sapiens	double	full	/ptmp/iclight/pestis_data/ERR3457857_1.fastq.gz	/ptmp/iclight/pestis_data/ERR3457857_2.fastq.gz	NA
BED028.A0102_ERR3457582	ERR3457582	0	4	SE	Homo_sapiens	double	full	/ptmp/iclight/pestis_data/ERR3457582.fastq.gz	NA	NA
BED028.A0102_ERR3457856	ERR3457856	0	4	PE	Homo_sapiens	double	full	/ptmp/iclight/pestis_data/ERR3457856_1.fastq.gz	/ptmp/iclight/pestis_data/ERR3457856_2.fastq.gz	NA
BED034.A0102_ERR3457587	ERR3457587	0	4	SE	Homo_sapiens	double	full	/ptmp/iclight/pestis_data/ERR3457587.fastq.gz	NA	NA
BED034.A0102_ERR3457858	ERR3457858	0	4	PE	Homo_sapiens	double	full	/ptmp/iclight/pestis_data/ERR3457858_1.fastq.gz	/ptmp/iclight/pestis_data/ERR3457858_2.fastq.gz	NA
BED024.A0102_ERR3457581	ERR3457581	0	4	SE	Homo_sapiens	double	full	/ptmp/iclight/pestis_data/ERR3457581.fastq.gz	NA	NA
BED024.A0102_ERR3457855	ERR3457855	0	4	PE	Homo_sapiens	double	full	/ptmp/iclight/pestis_data/ERR3457855_1.fastq.gz	/ptmp/iclight/pestis_data/ERR3457855_2.fastq.gz	NA
BRA001.A0101_ERR3457589	ERR3457589	0	4	SE	Homo_sapiens	double	full	/ptmp/iclight/pestis_data/ERR3457589.fastq.gz	NA	NA
BRA001.A0101_ERR3457860	ERR3457860	0	4	PE	Homo_sapiens	double	full	/ptmp/iclight/pestis_data/ERR3457860_1.fastq.gz	/ptmp/iclight/pestis_data/ERR3457860_2.fastq.gz	NA
LAI009.A0101_ERR3457592	ERR3457592	0	4	SE	Homo_sapiens	double	full	/ptmp/iclight/pestis_data/ERR3457592.fastq.gz	NA	NA
LAI009.A0101_ERR3457863	ERR3457863	0	4	PE	Homo_sapiens	double	full	/ptmp/iclight/pestis_data/ERR3457863_1.fastq.gz	/ptmp/iclight/pestis_data/ERR3457863_2.fastq.gz	NA
MAN008.B0101_ERR3457606	ERR3457606	0	2	SE	Homo_sapiens	double	full	/ptmp/iclight/pestis_data/ERR3457606.fastq.gz	NA	NA
MAN008.B0101_ERR3457607	ERR3457607	0	2	SE	Homo_sapiens	double	full	/ptmp/iclight/pestis_data/ERR3457607.fastq.gz	NA	NA
MAN008.B0101_ERR3457608	ERR3457608	0	2	SE	Homo_sapiens	double	full	/ptmp/iclight/pestis_data/ERR3457608.fastq.gz	NA	NA
MAN008.B0101_ERR3457609	ERR3457609	0	2	SE	Homo_sapiens	double	full	/ptmp/iclight/pestis_data/ERR3457609.fastq.gz	NA	NA
MAN008.B0101_ERR3457610	ERR3457610	0	2	SE	Homo_sapiens	double	full	/ptmp/iclight/pestis_data/ERR3457610.fastq.gz	NA	NA
MAN008.B0101_ERR3457611	ERR3457611	0	2	SE	Homo_sapiens	double	full	/ptmp/iclight/pestis_data/ERR3457611.fastq.gz	NA	NA
MAN008.B0101_ERR3457612	ERR3457612	0	2	SE	Homo_sapiens	double	full	/ptmp/iclight/pestis_data/ERR3457612.fastq.gz	NA	NA
MAN008.B0101_ERR3457613	ERR3457613	0	2	SE	Homo_sapiens	double	full	/ptmp/iclight/pestis_data/ERR3457613.fastq.gz	NA	NA
MAN008.B0101_ERR3457614	ERR3457614	0	2	SE	Homo_sapiens	double	full	/ptmp/iclight/pestis_data/ERR3457614.fastq.gz	NA	NA
MAN008.B0101_ERR3457615	ERR3457615	0	2	SE	Homo_sapiens	double	full	/ptmp/iclight/pestis_data/ERR3457615.fastq.gz	NA	NA
MAN008.B0101_ERR3457616	ERR3457616	0	2	SE	Homo_sapiens	double	full	/ptmp/iclight/pestis_data/ERR3457616.fastq.gz	NA	NA
MAN008.B0101_ERR3457617	ERR3457617	0	2	SE	Homo_sapiens	double	full	/ptmp/iclight/pestis_data/ERR3457617.fastq.gz	NA	NA
NMS002.A0101_ERR3457656	ERR3457656	0	4	SE	Homo_sapiens	double	full	/ptmp/iclight/pestis_data/ERR3457656.fastq.gz	NA	NA
NMS002.A0101_ERR3457867	ERR3457867	0	4	PE	Homo_sapiens	double	full	/ptmp/iclight/pestis_data/ERR3457867_1.fastq.gz	/ptmp/iclight/pestis_data/ERR3457867_2.fastq.gz	NA
STA001.A0101_ERR3457657	ERR3457657	0	4	SE	Homo_sapiens	double	full	/ptmp/iclight/pestis_data/ERR3457657.fastq.gz	NA	NA
STA001.A0101_ERR3457869	ERR3457869	0	4	PE	Homo_sapiens	double	full	/ptmp/iclight/pestis_data/ERR3457869_1.fastq.gz	/ptmp/iclight/pestis_data/ERR3457869_2.fastq.gz	NA
STN014.A0101_ERR3457754	ERR3457754	0	2	SE	Homo_sapiens	double	full	/ptmp/iclight/pestis_data/ERR3457754.fastq.gz	NA	NA
STN014.A0101_ERR3457755	ERR3457755	0	2	SE	Homo_sapiens	double	full	/ptmp/iclight/pestis_data/ERR3457755.fastq.gz	NA	NA
STN014.A0101_ERR3457756	ERR3457756	0	2	SE	Homo_sapiens	double	full	/ptmp/iclight/pestis_data/ERR3457756.fastq.gz	NA	NA
STN014.A0101_ERR3457757	ERR3457757	0	2	SE	Homo_sapiens	double	full	/ptmp/iclight/pestis_data/ERR3457757.fastq.gz	NA	NA
STN014.A0101_ERR3457758	ERR3457758	0	2	SE	Homo_sapiens	double	full	/ptmp/iclight/pestis_data/ERR3457758.fastq.gz	NA	NA
STN014.A0101_ERR3457759	ERR3457759	0	2	SE	Homo_sapiens	double	full	/ptmp/iclight/pestis_data/ERR3457759.fastq.gz	NA	NA
STN014.A0101_ERR3457760	ERR3457760	0	2	SE	Homo_sapiens	double	full	/ptmp/iclight/pestis_data/ERR3457760.fastq.gz	NA	NA
STN014.A0101_ERR3457761	ERR3457761	0	2	SE	Homo_sapiens	double	full	/ptmp/iclight/pestis_data/ERR3457761.fastq.gz	NA	NA
STN014.A0101_ERR3457762	ERR3457762	0	2	SE	Homo_sapiens	double	full	/ptmp/iclight/pestis_data/ERR3457762.fastq.gz	NA	NA
STN014.A0101_ERR3457763	ERR3457763	0	2	SE	Homo_sapiens	double	full	/ptmp/iclight/pestis_data/ERR3457763.fastq.gz	NA	NA
STN014.A0101_ERR3457764	ERR3457764	0	2	SE	Homo_sapiens	double	full	/ptmp/iclight/pestis_data/ERR3457764.fastq.gz	NA	NA
STN014.A0101_ERR3457765	ERR3457765	0	2	SE	Homo_sapiens	double	full	/ptmp/iclight/pestis_data/ERR3457765.fastq.gz	NA	NA
STN020.A0101_ERR3457790	ERR3457790	0	2	SE	Homo_sapiens	double	full	/ptmp/iclight/pestis_data/ERR3457790.fastq.gz	NA	NA
STN020.A0101_ERR3457791	ERR3457791	0	2	SE	Homo_sapiens	double	full	/ptmp/iclight/pestis_data/ERR3457791.fastq.gz	NA	NA
STN020.A0101_ERR3457792	ERR3457792	0	2	SE	Homo_sapiens	double	full	/ptmp/iclight/pestis_data/ERR3457792.fastq.gz	NA	NA
STN020.A0101_ERR3457793	ERR3457793	0	2	SE	Homo_sapiens	double	full	/ptmp/iclight/pestis_data/ERR3457793.fastq.gz	NA	NA
STN020.A0101_ERR3457794	ERR3457794	0	2	SE	Homo_sapiens	double	full	/ptmp/iclight/pestis_data/ERR3457794.fastq.gz	NA	NA
STN020.A0101_ERR3457795	ERR3457795	0	2	SE	Homo_sapiens	double	full	/ptmp/iclight/pestis_data/ERR3457795.fastq.gz	NA	NA
STN020.A0101_ERR3457796	ERR3457796	0	2	SE	Homo_sapiens	double	full	/ptmp/iclight/pestis_data/ERR3457796.fastq.gz	NA	NA
STN020.A0101_ERR3457797	ERR3457797	0	2	SE	Homo_sapiens	double	full	/ptmp/iclight/pestis_data/ERR3457797.fastq.gz	NA	NA
STN020.A0101_ERR3457798	ERR3457798	0	2	SE	Homo_sapiens	double	full	/ptmp/iclight/pestis_data/ERR3457798.fastq.gz	NA	NA
STN020.A0101_ERR3457799	ERR3457799	0	2	SE	Homo_sapiens	double	full	/ptmp/iclight/pestis_data/ERR3457799.fastq.gz	NA	NA
STN020.A0101_ERR3457800	ERR3457800	0	2	SE	Homo_sapiens	double	full	/ptmp/iclight/pestis_data/ERR3457800.fastq.gz	NA	NA
STN020.A0101_ERR3457801	ERR3457801	0	2	SE	Homo_sapiens	double	full	/ptmp/iclight/pestis_data/ERR3457801.fastq.gz	NA	NA
STN021.A0101_ERR3457802	ERR3457802	0	2	SE	Homo_sapiens	double	full	/ptmp/iclight/pestis_data/ERR3457802.fastq.gz	NA	NA
STN021.A0101_ERR3457803	ERR3457803	0	2	SE	Homo_sapiens	double	full	/ptmp/iclight/pestis_data/ERR3457803.fastq.gz	NA	NA
STN021.A0101_ERR3457804	ERR3457804	0	2	SE	Homo_sapiens	double	full	/ptmp/iclight/pestis_data/ERR3457804.fastq.gz	NA	NA
STN021.A0101_ERR3457805	ERR3457805	0	2	SE	Homo_sapiens	double	full	/ptmp/iclight/pestis_data/ERR3457805.fastq.gz	NA	NA
STN021.A0101_ERR3457806	ERR3457806	0	2	SE	Homo_sapiens	double	full	/ptmp/iclight/pestis_data/ERR3457806.fastq.gz	NA	NA
STN021.A0101_ERR3457807	ERR3457807	0	2	SE	Homo_sapiens	double	full	/ptmp/iclight/pestis_data/ERR3457807.fastq.gz	NA	NA
STN021.A0101_ERR3457808	ERR3457808	0	2	SE	Homo_sapiens	double	full	/ptmp/iclight/pestis_data/ERR3457808.fastq.gz	NA	NA
STN021.A0101_ERR3457809	ERR3457809	0	2	SE	Homo_sapiens	double	full	/ptmp/iclight/pestis_data/ERR3457809.fastq.gz	NA	NA
STN021.A0101_ERR3457810	ERR3457810	0	2	SE	Homo_sapiens	double	full	/ptmp/iclight/pestis_data/ERR3457810.fastq.gz	NA	NA
STN021.A0101_ERR3457811	ERR3457811	0	2	SE	Homo_sapiens	double	full	/ptmp/iclight/pestis_data/ERR3457811.fastq.gz	NA	NA
STN021.A0101_ERR3457812	ERR3457812	0	2	SE	Homo_sapiens	double	full	/ptmp/iclight/pestis_data/ERR3457812.fastq.gz	NA	NA
STN021.A0101_ERR3457813	ERR3457813	0	2	SE	Homo_sapiens	double	full	/ptmp/iclight/pestis_data/ERR3457813.fastq.gz	NA	NA
STN019.A0101_ERR3457778	ERR3457778	0	2	SE	Homo_sapiens	double	full	/ptmp/iclight/pestis_data/ERR3457778.fastq.gz	NA	NA
STN019.A0101_ERR3457779	ERR3457779	0	2	SE	Homo_sapiens	double	full	/ptmp/iclight/pestis_data/ERR3457779.fastq.gz	NA	NA
STN019.A0101_ERR3457780	ERR3457780	0	2	SE	Homo_sapiens	double	full	/ptmp/iclight/pestis_data/ERR3457780.fastq.gz	NA	NA
STN019.A0101_ERR3457781	ERR3457781	0	2	SE	Homo_sapiens	double	full	/ptmp/iclight/pestis_data/ERR3457781.fastq.gz	NA	NA
STN019.A0101_ERR3457782	ERR3457782	0	2	SE	Homo_sapiens	double	full	/ptmp/iclight/pestis_data/ERR3457782.fastq.gz	NA	NA
STN019.A0101_ERR3457783	ERR3457783	0	2	SE	Homo_sapiens	double	full	/ptmp/iclight/pestis_data/ERR3457783.fastq.gz	NA	NA
STN019.A0101_ERR3457784	ERR3457784	0	2	SE	Homo_sapiens	double	full	/ptmp/iclight/pestis_data/ERR3457784.fastq.gz	NA	NA
STN019.A0101_ERR3457785	ERR3457785	0	2	SE	Homo_sapiens	double	full	/ptmp/iclight/pestis_data/ERR3457785.fastq.gz	NA	NA
STN019.A0101_ERR3457786	ERR3457786	0	2	SE	Homo_sapiens	double	full	/ptmp/iclight/pestis_data/ERR3457786.fastq.gz	NA	NA
STN019.A0101_ERR3457787	ERR3457787	0	2	SE	Homo_sapiens	double	full	/ptmp/iclight/pestis_data/ERR3457787.fastq.gz	NA	NA
STN019.A0101_ERR3457788	ERR3457788	0	2	SE	Homo_sapiens	double	full	/ptmp/iclight/pestis_data/ERR3457788.fastq.gz	NA	NA
STN019.A0101_ERR3457789	ERR3457789	0	2	SE	Homo_sapiens	double	full	/ptmp/iclight/pestis_data/ERR3457789.fastq.gz	NA	NA
STN007.A0101_ERR3457694	ERR3457694	0	2	SE	Homo_sapiens	double	full	/ptmp/iclight/pestis_data/ERR3457694.fastq.gz	NA	NA
STN007.A0101_ERR3457695	ERR3457695	0	2	SE	Homo_sapiens	double	full	/ptmp/iclight/pestis_data/ERR3457695.fastq.gz	NA	NA
STN007.A0101_ERR3457696	ERR3457696	0	2	SE	Homo_sapiens	double	full	/ptmp/iclight/pestis_data/ERR3457696.fastq.gz	NA	NA
STN007.A0101_ERR3457697	ERR3457697	0	2	SE	Homo_sapiens	double	full	/ptmp/iclight/pestis_data/ERR3457697.fastq.gz	NA	NA
STN007.A0101_ERR3457698	ERR3457698	0	2	SE	Homo_sapiens	double	full	/ptmp/iclight/pestis_data/ERR3457698.fastq.gz	NA	NA
STN007.A0101_ERR3457699	ERR3457699	0	2	SE	Homo_sapiens	double	full	/ptmp/iclight/pestis_data/ERR3457699.fastq.gz	NA	NA
STN007.A0101_ERR3457700	ERR3457700	0	2	SE	Homo_sapiens	double	full	/ptmp/iclight/pestis_data/ERR3457700.fastq.gz	NA	NA
STN007.A0101_ERR3457701	ERR3457701	0	2	SE	Homo_sapiens	double	full	/ptmp/iclight/pestis_data/ERR3457701.fastq.gz	NA	NA
STN007.A0101_ERR3457702	ERR3457702	0	2	SE	Homo_sapiens	double	full	/ptmp/iclight/pestis_data/ERR3457702.fastq.gz	NA	NA
STN007.A0101_ERR3457703	ERR3457703	0	2	SE	Homo_sapiens	double	full	/ptmp/iclight/pestis_data/ERR3457703.fastq.gz	NA	NA
STN007.A0101_ERR3457704	ERR3457704	0	2	SE	Homo_sapiens	double	full	/ptmp/iclight/pestis_data/ERR3457704.fastq.gz	NA	NA
STN007.A0101_ERR3457705	ERR3457705	0	2	SE	Homo_sapiens	double	full	/ptmp/iclight/pestis_data/ERR3457705.fastq.gz	NA	NA
STN002.A0101_ERR3457658	ERR3457658	0	2	SE	Homo_sapiens	double	full	/ptmp/iclight/pestis_data/ERR3457658.fastq.gz	NA	NA
STN002.A0101_ERR3457659	ERR3457659	0	2	SE	Homo_sapiens	double	full	/ptmp/iclight/pestis_data/ERR3457659.fastq.gz	NA	NA
STN002.A0101_ERR3457660	ERR3457660	0	2	SE	Homo_sapiens	double	full	/ptmp/iclight/pestis_data/ERR3457660.fastq.gz	NA	NA
STN002.A0101_ERR3457661	ERR3457661	0	2	SE	Homo_sapiens	double	full	/ptmp/iclight/pestis_data/ERR3457661.fastq.gz	NA	NA
STN002.A0101_ERR3457662	ERR3457662	0	2	SE	Homo_sapiens	double	full	/ptmp/iclight/pestis_data/ERR3457662.fastq.gz	NA	NA
STN002.A0101_ERR3457663	ERR3457663	0	2	SE	Homo_sapiens	double	full	/ptmp/iclight/pestis_data/ERR3457663.fastq.gz	NA	NA
STN002.A0101_ERR3457664	ERR3457664	0	2	SE	Homo_sapiens	double	full	/ptmp/iclight/pestis_data/ERR3457664.fastq.gz	NA	NA
STN002.A0101_ERR3457665	ERR3457665	0	2	SE	Homo_sapiens	double	full	/ptmp/iclight/pestis_data/ERR3457665.fastq.gz	NA	NA
STN002.A0101_ERR3457666	ERR3457666	0	2	SE	Homo_sapiens	double	full	/ptmp/iclight/pestis_data/ERR3457666.fastq.gz	NA	NA
STN002.A0101_ERR3457667	ERR3457667	0	2	SE	Homo_sapiens	double	full	/ptmp/iclight/pestis_data/ERR3457667.fastq.gz	NA	NA
STN002.A0101_ERR3457668	ERR3457668	0	2	SE	Homo_sapiens	double	full	/ptmp/iclight/pestis_data/ERR3457668.fastq.gz	NA	NA
STN002.A0101_ERR3457669	ERR3457669	0	2	SE	Homo_sapiens	double	full	/ptmp/iclight/pestis_data/ERR3457669.fastq.gz	NA	NA
STN008.A0101_ERR3457706	ERR3457706	0	2	SE	Homo_sapiens	double	full	/ptmp/iclight/pestis_data/ERR3457706.fastq.gz	NA	NA
STN008.A0101_ERR3457707	ERR3457707	0	2	SE	Homo_sapiens	double	full	/ptmp/iclight/pestis_data/ERR3457707.fastq.gz	NA	NA
STN008.A0101_ERR3457708	ERR3457708	0	2	SE	Homo_sapiens	double	full	/ptmp/iclight/pestis_data/ERR3457708.fastq.gz	NA	NA
STN008.A0101_ERR3457709	ERR3457709	0	2	SE	Homo_sapiens	double	full	/ptmp/iclight/pestis_data/ERR3457709.fastq.gz	NA	NA
STN008.A0101_ERR3457710	ERR3457710	0	2	SE	Homo_sapiens	double	full	/ptmp/iclight/pestis_data/ERR3457710.fastq.gz	NA	NA
STN008.A0101_ERR3457711	ERR3457711	0	2	SE	Homo_sapiens	double	full	/ptmp/iclight/pestis_data/ERR3457711.fastq.gz	NA	NA
STN008.A0101_ERR3457712	ERR3457712	0	2	SE	Homo_sapiens	double	full	/ptmp/iclight/pestis_data/ERR3457712.fastq.gz	NA	NA
STN008.A0101_ERR3457713	ERR3457713	0	2	SE	Homo_sapiens	double	full	/ptmp/iclight/pestis_data/ERR3457713.fastq.gz	NA	NA
STN008.A0101_ERR3457714	ERR3457714	0	2	SE	Homo_sapiens	double	full	/ptmp/iclight/pestis_data/ERR3457714.fastq.gz	NA	NA
STN008.A0101_ERR3457715	ERR3457715	0	2	SE	Homo_sapiens	double	full	/ptmp/iclight/pestis_data/ERR3457715.fastq.gz	NA	NA
STN008.A0101_ERR3457716	ERR3457716	0	2	SE	Homo_sapiens	double	full	/ptmp/iclight/pestis_data/ERR3457716.fastq.gz	NA	NA
STN008.A0101_ERR3457717	ERR3457717	0	2	SE	Homo_sapiens	double	full	/ptmp/iclight/pestis_data/ERR3457717.fastq.gz	NA	NA
AE1175_ERR1546642	ERR1546642	0	4	PE	Homo_sapiens	double	full	/ptmp/iclight/pestis_data/ERR1546642_1.fastq.gz	/ptmp/iclight/pestis_data/ERR1546642_2.fastq.gz	NA
AE1175_ERR1546643	ERR1546643	0	4	PE	Homo_sapiens	double	full	/ptmp/iclight/pestis_data/ERR1546643_1.fastq.gz	/ptmp/iclight/pestis_data/ERR1546643_2.fastq.gz	NA
Barcelona_3031_ERR1368878	ERR1368878	0	4	PE	Homo_sapiens	double	full	/ptmp/iclight/pestis_data/ERR1368878_1.fastq.gz	/ptmp/iclight/pestis_data/ERR1368878_2.fastq.gz	NA
Bolgar_2370_ERR1368865	ERR1368865	0	2	PE	Homo_sapiens	double	full	/ptmp/iclight/pestis_data/ERR1368865_1.fastq.gz	/ptmp/iclight/pestis_data/ERR1368865_2.fastq.gz	NA
Bolgar_2370_ERR1368866	ERR1368866	0	2	PE	Homo_sapiens	double	full	/ptmp/iclight/pestis_data/ERR1368866_1.fastq.gz	/ptmp/iclight/pestis_data/ERR1368866_2.fastq.gz	NA
Bolgar_2370_ERR1368867	ERR1368867	0	2	PE	Homo_sapiens	double	full	/ptmp/iclight/pestis_data/ERR1368867_1.fastq.gz	/ptmp/iclight/pestis_data/ERR1368867_2.fastq.gz	NA
Bolgar_2370_ERR1368868	ERR1368868	0	2	PE	Homo_sapiens	double	full	/ptmp/iclight/pestis_data/ERR1368868_1.fastq.gz	/ptmp/iclight/pestis_data/ERR1368868_2.fastq.gz	NA
Ellwangen_549_O_ERR1368855	ERR1368855	0	4	PE	Homo_sapiens	double	full	/ptmp/iclight/pestis_data/ERR1368855_1.fastq.gz	/ptmp/iclight/pestis_data/ERR1368855_2.fastq.gz	NA
Ellwangen_549_O_ERR1368856	ERR1368856	0	4	PE	Homo_sapiens	double	full	/ptmp/iclight/pestis_data/ERR1368856_1.fastq.gz	/ptmp/iclight/pestis_data/ERR1368856_2.fastq.gz	NA
Ellwangen_549_O_ERR1368857	ERR1368857	0	2	PE	Homo_sapiens	double	full	/ptmp/iclight/pestis_data/ERR1368857_1.fastq.gz	/ptmp/iclight/pestis_data/ERR1368857_2.fastq.gz	NA
Ellwangen_549_O_ERR1368858	ERR1368858	0	2	PE	Homo_sapiens	double	full	/ptmp/iclight/pestis_data/ERR1368858_1.fastq.gz	/ptmp/iclight/pestis_data/ERR1368858_2.fastq.gz	NA
Ellwangen_549_O_ERR1368859	ERR1368859	0	2	PE	Homo_sapiens	double	full	/ptmp/iclight/pestis_data/ERR1368859_1.fastq.gz	/ptmp/iclight/pestis_data/ERR1368859_2.fastq.gz	NA
Ellwangen_549_O_ERR1368860	ERR1368860	0	2	PE	Homo_sapiens	double	full	/ptmp/iclight/pestis_data/ERR1368860_1.fastq.gz	/ptmp/iclight/pestis_data/ERR1368860_2.fastq.gz	NA
Ellwangen_549_O_ERR1368861	ERR1368861	0	2	PE	Homo_sapiens	double	full	/ptmp/iclight/pestis_data/ERR1368861_1.fastq.gz	/ptmp/iclight/pestis_data/ERR1368861_2.fastq.gz	NA
Ellwangen_549_O_ERR1368862	ERR1368862	0	2	PE	Homo_sapiens	double	full	/ptmp/iclight/pestis_data/ERR1368862_1.fastq.gz	/ptmp/iclight/pestis_data/ERR1368862_2.fastq.gz	NA
Ellwangen_549_O_ERR1368863	ERR1368863	0	2	PE	Homo_sapiens	double	full	/ptmp/iclight/pestis_data/ERR1368863_1.fastq.gz	/ptmp/iclight/pestis_data/ERR1368863_2.fastq.gz	NA
Ellwangen_549_O_ERR1368864	ERR1368864	0	2	PE	Homo_sapiens	double	full	/ptmp/iclight/pestis_data/ERR1368864_1.fastq.gz	/ptmp/iclight/pestis_data/ERR1368864_2.fastq.gz	NA
Ellwangen_549_O_ERR1368869	ERR1368869	0	4	PE	Homo_sapiens	double	full	/ptmp/iclight/pestis_data/ERR1368869_1.fastq.gz	/ptmp/iclight/pestis_data/ERR1368869_2.fastq.gz	NA
Ellwangen_549_O_ERR1368870	ERR1368870	0	2	PE	Homo_sapiens	double	full	/ptmp/iclight/pestis_data/ERR1368870_1.fastq.gz	/ptmp/iclight/pestis_data/ERR1368870_2.fastq.gz	NA
Ellwangen_549_O_ERR1368871	ERR1368871	0	2	PE	Homo_sapiens	double	full	/ptmp/iclight/pestis_data/ERR1368871_1.fastq.gz	/ptmp/iclight/pestis_data/ERR1368871_2.fastq.gz	NA
Ellwangen_549_O_ERR1368872	ERR1368872	0	2	PE	Homo_sapiens	double	full	/ptmp/iclight/pestis_data/ERR1368872_1.fastq.gz	/ptmp/iclight/pestis_data/ERR1368872_2.fastq.gz	NA
Ellwangen_549_O_ERR1368873	ERR1368873	0	2	PE	Homo_sapiens	double	full	/ptmp/iclight/pestis_data/ERR1368873_1.fastq.gz	/ptmp/iclight/pestis_data/ERR1368873_2.fastq.gz	NA
Ellwangen_549_O_ERR1368874	ERR1368874	0	2	PE	Homo_sapiens	double	full	/ptmp/iclight/pestis_data/ERR1368874_1.fastq.gz	/ptmp/iclight/pestis_data/ERR1368874_2.fastq.gz	NA
Ellwangen_549_O_ERR1368875	ERR1368875	0	2	PE	Homo_sapiens	double	full	/ptmp/iclight/pestis_data/ERR1368875_1.fastq.gz	/ptmp/iclight/pestis_data/ERR1368875_2.fastq.gz	NA
Ellwangen_549_O_ERR1368876	ERR1368876	0	2	PE	Homo_sapiens	double	full	/ptmp/iclight/pestis_data/ERR1368876_1.fastq.gz	/ptmp/iclight/pestis_data/ERR1368876_2.fastq.gz	NA
Ellwangen_549_O_ERR1368877	ERR1368877	0	2	PE	Homo_sapiens	double	full	/ptmp/iclight/pestis_data/ERR1368877_1.fastq.gz	/ptmp/iclight/pestis_data/ERR1368877_2.fastq.gz	NA
OBS107_ERR1193532	ERR1193532	0	4	PE	Homo_sapiens	double	full	/ptmp/iclight/pestis_data/ERR1193532_1.fastq.gz	/ptmp/iclight/pestis_data/ERR1193532_2.fastq.gz	NA
OBS107_ERR1193537	ERR1193537	0	4	SE	Homo_sapiens	double	full	/ptmp/iclight/pestis_data/ERR1193537.fastq.gz	NA	NA
OBS110_ERR1193533	ERR1193533	0	4	PE	Homo_sapiens	double	full	/ptmp/iclight/pestis_data/ERR1193533_1.fastq.gz	/ptmp/iclight/pestis_data/ERR1193533_2.fastq.gz	NA
OBS110_ERR1193538	ERR1193538	0	4	SE	Homo_sapiens	double	full	/ptmp/iclight/pestis_data/ERR1193538.fastq.gz	NA	NA
OBS116_ERR1193534	ERR1193534	0	4	PE	Homo_sapiens	double	full	/ptmp/iclight/pestis_data/ERR1193534_1.fastq.gz	/ptmp/iclight/pestis_data/ERR1193534_2.fastq.gz	NA
OBS116_ERR1193539	ERR1193539	0	4	SE	Homo_sapiens	double	full	/ptmp/iclight/pestis_data/ERR1193539.fastq.gz	NA	NA
OBS124_ERR1193535	ERR1193535	0	4	PE	Homo_sapiens	double	full	/ptmp/iclight/pestis_data/ERR1193535_1.fastq.gz	/ptmp/iclight/pestis_data/ERR1193535_2.fastq.gz	NA
OBS124_ERR1193540	ERR1193540	0	4	SE	Homo_sapiens	double	full	/ptmp/iclight/pestis_data/ERR1193540.fastq.gz	NA	NA
OBS137_ERR1193536	ERR1193536	0	4	PE	Homo_sapiens	double	full	/ptmp/iclight/pestis_data/ERR1193536_1.fastq.gz	/ptmp/iclight/pestis_data/ERR1193536_2.fastq.gz	NA
OBS137_ERR1193541	ERR1193541	0	4	SE	Homo_sapiens	double	full	/ptmp/iclight/pestis_data/ERR1193541.fastq.gz	NA	NA
C10091_ERR11262423	ERR11262423	0	4	SE	Homo_sapiens	single	none	/ptmp/iclight/pestis_data/ERR11262423.fastq.gz	NA	NA
C10091_ERR11262430	ERR11262430	0	4	SE	Homo_sapiens	single	none	/ptmp/iclight/pestis_data/ERR11262430.fastq.gz	NA	NA
C10091_ERR11262436	ERR11262436	0	2	SE	Homo_sapiens	single	none	/ptmp/iclight/pestis_data/ERR11262436.fastq.gz	NA	NA
C10091_ERR11262437	ERR11262437	0	2	SE	Homo_sapiens	single	none	/ptmp/iclight/pestis_data/ERR11262437.fastq.gz	NA	NA
C10091_ERR11262439	ERR11262439	0	2	SE	Homo_sapiens	single	none	/ptmp/iclight/pestis_data/ERR11262439.fastq.gz	NA	NA
C10091_ERR11262440	ERR11262440	0	2	SE	Homo_sapiens	single	none	/ptmp/iclight/pestis_data/ERR11262440.fastq.gz	NA	NA
C10091_ERR11262442	ERR11262442	0	2	SE	Homo_sapiens	single	none	/ptmp/iclight/pestis_data/ERR11262442.fastq.gz	NA	NA
C10091_ERR11262443	ERR11262443	0	2	SE	Homo_sapiens	single	none	/ptmp/iclight/pestis_data/ERR11262443.fastq.gz	NA	NA
C10091_ERR11262444	ERR11262444	0	2	SE	Homo_sapiens	single	none	/ptmp/iclight/pestis_data/ERR11262444.fastq.gz	NA	NA
C10091_ERR11262424	ERR11262424	0	4	SE	Homo_sapiens	single	none	/ptmp/iclight/pestis_data/ERR11262424.fastq.gz	NA	NA
C10091_ERR11262434	ERR11262434	0	4	SE	Homo_sapiens	single	none	/ptmp/iclight/pestis_data/ERR11262434.fastq.gz	NA	NA
C10091_ERR11262427	ERR11262427	0	4	SE	Homo_sapiens	single	none	/ptmp/iclight/pestis_data/ERR11262427.fastq.gz	NA	NA
C10091_ERR11262428	ERR11262428	0	4	SE	Homo_sapiens	single	none	/ptmp/iclight/pestis_data/ERR11262428.fastq.gz	NA	NA
C10091_ERR11262429	ERR11262429	0	4	SE	Homo_sapiens	single	none	/ptmp/iclight/pestis_data/ERR11262429.fastq.gz	NA	NA
C10091_ERR11262432	ERR11262432	0	2	SE	Homo_sapiens	single	none	/ptmp/iclight/pestis_data/ERR11262432.fastq.gz	NA	NA
C10091_ERR11262435	ERR11262435	0	2	SE	Homo_sapiens	single	none	/ptmp/iclight/pestis_data/ERR11262435.fastq.gz	NA	NA
C10091_ERR11262445	ERR11262445	0	2	SE	Homo_sapiens	single	none	/ptmp/iclight/pestis_data/ERR11262445.fastq.gz	NA	NA
C10098_ERR11262433	ERR11262433	0	4	SE	Homo_sapiens	single	none	/ptmp/iclight/pestis_data/ERR11262433.fastq.gz	NA	NA
C10098_ERR11262426	ERR11262426	0	4	SE	Homo_sapiens	single	none	/ptmp/iclight/pestis_data/ERR11262426.fastq.gz	NA	NA
C10098_ERR11262441	ERR11262441	0	2	SE	Homo_sapiens	single	none	/ptmp/iclight/pestis_data/ERR11262441.fastq.gz	NA	NA
C10098_ERR11262422	ERR11262422	0	4	SE	Homo_sapiens	single	none	/ptmp/iclight/pestis_data/ERR11262422.fastq.gz	NA	NA
C10098_ERR11262431	ERR11262431	0	2	SE	Homo_sapiens	single	none	/ptmp/iclight/pestis_data/ERR11262431.fastq.gz	NA	NA
C10098_ERR11262438	ERR11262438	0	2	SE	Homo_sapiens	single	none	/ptmp/iclight/pestis_data/ERR11262438.fastq.gz	NA	NA
C10928_ERR11262425	ERR11262425	0	4	SE	Homo_sapiens	single	none	/ptmp/iclight/pestis_data/ERR11262425.fastq.gz	NA	NA
DSH025_ERR11479454	ERR11479454	0	4	SE	Homo_sapiens	single	half	/ptmp/iclight/pestis_data/ERR11479454.fastq.gz	NA	NA
DSH025_ERR11479453	ERR11479453	0	4	SE	Homo_sapiens	single	none	/ptmp/iclight/pestis_data/ERR11479453.fastq.gz	NA	NA
DSH008_ERR11479451	ERR11479451	0	4	SE	Homo_sapiens	single	none	/ptmp/iclight/pestis_data/ERR11479451.fastq.gz	NA	NA
DSH008_ERR11479452	ERR11479452	0	4	SE	Homo_sapiens	single	half	/ptmp/iclight/pestis_data/ERR11479452.fastq.gz	NA	NA
DSH008_ERR11479449	ERR11479449	0	4	SE	Homo_sapiens	single	none	/ptmp/iclight/pestis_data/ERR11479449.fastq.gz	NA	NA
DSH025_ERR11479450	ERR11479450	0	4	SE	Homo_sapiens	single	none	/ptmp/iclight/pestis_data/ERR11479450.fastq.gz	NA	NA
ARK017_ARK017.A0401	ARK017.A0401	2	4	PE	unknown	single	none	/ptmp/iclight/pestis_ark_capture_data/ARK017.A0401.YP1.1_S0_L002_R1_001.fastq.gz	/ptmp/iclight/pestis_ark_capture_data/ARK017.A0401.YP1.1_S0_L002_R2_001.fastq.gz	NA
ARK017_ARK017.A0401	ARK017.A0401	3	4	PE	unknown	single	none	/ptmp/iclight/pestis_ark_capture_data/ARK017.A0401.YP1.1_S0_L003_R1_001.fastq.gz	/ptmp/iclight/pestis_ark_capture_data/ARK017.A0401.YP1.1_S0_L003_R2_001.fastq.gz	NA
ARK017_ARK017.A0501	ARK017.A0501	2	4	PE	unknown	single	none	/ptmp/iclight/pestis_ark_capture_data/ARK017.A0501.YP1.1_S0_L002_R1_001.fastq.gz	/ptmp/iclight/pestis_ark_capture_data/ARK017.A0501.YP1.1_S0_L002_R2_001.fastq.gz	NA
ARK017_ARK017.A0501	ARK017.A0501	3	4	PE	unknown	single	none	/ptmp/iclight/pestis_ark_capture_data/ARK017.A0501.YP1.1_S0_L003_R1_001.fastq.gz	/ptmp/iclight/pestis_ark_capture_data/ARK017.A0501.YP1.1_S0_L003_R2_001.fastq.gz	NA
ARK017_ARK017.A0301	ARK017.A0301	7	4	PE	unknown	single	none	/ptmp/iclight/dairy_capture/sequences/pestis/ARK017.A0301.YP1.1/ARK017.A0301.YP1.1_S0_L007_R1_001.fastq.gz	/ptmp/iclight/dairy_capture/sequences/pestis/ARK017.A0301.YP1.1/ARK017.A0301.YP1.1_S0_L007_R2_001.fastq.gz	NA
ARK017_ARK017.A0301	ARK017.A0301	8	4	PE	unknown	single	none	/ptmp/iclight/dairy_capture/sequences/pestis/ARK017.A0301.YP1.1/ARK017.A0301.YP1.1_S0_L008_R1_001.fastq.gz	/ptmp/iclight/dairy_capture/sequences/pestis/ARK017.A0301.YP1.1/ARK017.A0301.YP1.1_S0_L008_R2_001.fastq.gz	NA
ARK017_ARK017.B0201	ARK017.B0201	1	2	PE	NA	single	none	/ptmp/iclight/ARK017.B0201.YP1.1/ARK017.B0201.YP1.1_S0_L002_R1_001.fastq.gz	/ptmp/iclight/ARK017.B0201.YP1.1/ARK017.B0201.YP1.1_S0_L002_R2_001.fastq.gz	NA
ARK017_ARK017.C0201	ARK017.C0201	1	2	PE	NA	single	none	/ptmp/iclight/ARK017.C0201.YP1.1/ARK017.C0201.YP1.1_S0_L002_R1_001.fastq.gz	/ptmp/iclight/ARK017.C0201.YP1.1/ARK017.C0201.YP1.1_S0_L002_R2_001.fastq.gz	NA
ARK017_ARK017.D0201	ARK017.D0201	1	2	PE	NA	single	none	/ptmp/iclight/ARK017.D0201.YP1.1/ARK017.D0201.YP1.1_S0_L002_R1_001.fastq.gz	/ptmp/iclight/ARK017.D0201.YP1.1/ARK017.D0201.YP1.1_S0_L002_R2_001.fastq.gz	NA
